Nome,Idade,Salario,Imposto
Caio,38,3624,652.3199999999999
Myke,35,9876,1777.6799999999998
Gustavo,22,6473,1165.1399999999999
Joao,39,5684,1023.12
Gabriel,37,9735,1752.3
Luiz,44,1562,281.15999999999997
